,precision,recall,f1-score,support
Endocrine,0.9887640449438202,0.7857142857142857,0.8756218905472637,224.0
Enterocyte,0.8170055452865065,0.9608695652173913,0.8831168831168831,920.0
Goblet,0.9266247379454927,0.9650655021834061,0.9454545454545454,458.0
Progenitor,0.7117979973878973,0.5412115193644489,0.6148928168484392,3021.0
Stem,0.673972602739726,0.43733333333333335,0.5304582210242588,1125.0
Tuft,1.0,0.8095238095238095,0.8947368421052632,252.0
micro avg,0.7715378421900161,0.6388333333333334,0.6989423778264041,6000.0
macro avg,0.8530274880505737,0.7499530025561124,0.7907135331827755,6000.0
weighted avg,0.7596805509835113,0.6388333333333334,0.6869092333883756,6000.0
