cluster,candidate,score,eligible,marker_overlap,present_markers,informative_overlap,informative_markers,missing_markers
0,Ery,-0.24563941359519958,True,0.5714285714285714,Hba-a2;Gypa;Alas2;Klf1,0.5714285714285714,Hba-a2;Gypa;Alas2;Klf1,Hba-a1;Hbb-bs;Hbb-bt
0,Mk,-0.18328216671943665,True,0.6666666666666666,Pf4;Itga2b,0.6666666666666666,Pf4;Itga2b,Ppbp
0,Mo,-0.5029400587081909,True,0.6666666666666666,Csf1r;Ctss,0.6666666666666666,Csf1r;Ctss,Lyz2
0,Neu,-0.4888377785682678,True,1.0,S100a8;S100a9;Elane;Mpo,1.0,S100a8;S100a9;Elane;Mpo,
0,Eos,-0.2613205909729004,True,0.6666666666666666,Epx;Prg2,0.6666666666666666,Epx;Prg2,Ccr3
0,Baso,-0.5084468126296997,True,0.6666666666666666,Mcpt8;Hdc,0.6666666666666666,Mcpt8;Hdc,Ms4a2
0,DC,-0.2877824604511261,True,1.0,Flt3;Cd74;H2-Ab1,1.0,Flt3;Cd74;H2-Ab1,
0,Lymph,,False,0.25,Cd79b,0.25,Cd79b,Cd79a;Cd3d;Cd3e
0,Progenitor,0.5629011988639832,True,1.0,Gata2;Kit;Cd34,1.0,Gata2;Kit;Cd34,
1,Ery,-0.5534715056419373,True,0.5714285714285714,Hba-a2;Gypa;Alas2;Klf1,0.5714285714285714,Hba-a2;Gypa;Alas2;Klf1,Hba-a1;Hbb-bs;Hbb-bt
1,Mk,-0.3928523063659668,True,0.6666666666666666,Pf4;Itga2b,0.6666666666666666,Pf4;Itga2b,Ppbp
1,Mo,1.5761289596557617,True,0.6666666666666666,Csf1r;Ctss,0.6666666666666666,Csf1r;Ctss,Lyz2
1,Neu,0.42415907979011536,True,1.0,S100a8;S100a9;Elane;Mpo,1.0,S100a8;S100a9;Elane;Mpo,
1,Eos,-0.3209977149963379,True,0.6666666666666666,Epx;Prg2,0.6666666666666666,Epx;Prg2,Ccr3
1,Baso,0.004460236988961697,True,0.6666666666666666,Mcpt8;Hdc,0.6666666666666666,Mcpt8;Hdc,Ms4a2
1,DC,-0.2456013560295105,True,1.0,Flt3;Cd74;H2-Ab1,1.0,Flt3;Cd74;H2-Ab1,
1,Lymph,,False,0.25,Cd79b,0.25,Cd79b,Cd79a;Cd3d;Cd3e
1,Progenitor,-0.13135986030101776,True,1.0,Gata2;Kit;Cd34,1.0,Gata2;Kit;Cd34,
10,Ery,0.3121303915977478,True,0.5714285714285714,Hba-a2;Gypa;Alas2;Klf1,0.5714285714285714,Hba-a2;Gypa;Alas2;Klf1,Hba-a1;Hbb-bs;Hbb-bt
10,Mk,-0.3012577295303345,True,0.6666666666666666,Pf4;Itga2b,0.6666666666666666,Pf4;Itga2b,Ppbp
10,Mo,-0.5620953440666199,True,0.6666666666666666,Csf1r;Ctss,0.6666666666666666,Csf1r;Ctss,Lyz2
10,Neu,-0.5521743893623352,True,1.0,S100a8;S100a9;Elane;Mpo,1.0,S100a8;S100a9;Elane;Mpo,
10,Eos,-0.25974857807159424,True,0.6666666666666666,Epx;Prg2,0.6666666666666666,Epx;Prg2,Ccr3
10,Baso,-0.49453240633010864,True,0.6666666666666666,Mcpt8;Hdc,0.6666666666666666,Mcpt8;Hdc,Ms4a2
10,DC,-0.35803428292274475,True,1.0,Flt3;Cd74;H2-Ab1,1.0,Flt3;Cd74;H2-Ab1,
10,Lymph,,False,0.25,Cd79b,0.25,Cd79b,Cd79a;Cd3d;Cd3e
10,Progenitor,0.25484564900398254,True,1.0,Gata2;Kit;Cd34,1.0,Gata2;Kit;Cd34,
11,Ery,-0.6075875163078308,True,0.5714285714285714,Hba-a2;Gypa;Alas2;Klf1,0.5714285714285714,Hba-a2;Gypa;Alas2;Klf1,Hba-a1;Hbb-bs;Hbb-bt
11,Mk,3.3260297775268555,True,0.6666666666666666,Pf4;Itga2b,0.6666666666666666,Pf4;Itga2b,Ppbp
11,Mo,-0.49149709939956665,True,0.6666666666666666,Csf1r;Ctss,0.6666666666666666,Csf1r;Ctss,Lyz2
11,Neu,-0.46884581446647644,True,1.0,S100a8;S100a9;Elane;Mpo,1.0,S100a8;S100a9;Elane;Mpo,
11,Eos,-0.2927253842353821,True,0.6666666666666666,Epx;Prg2,0.6666666666666666,Epx;Prg2,Ccr3
11,Baso,-0.38549989461898804,True,0.6666666666666666,Mcpt8;Hdc,0.6666666666666666,Mcpt8;Hdc,Ms4a2
11,DC,-0.19128046929836273,True,1.0,Flt3;Cd74;H2-Ab1,1.0,Flt3;Cd74;H2-Ab1,
11,Lymph,,False,0.25,Cd79b,0.25,Cd79b,Cd79a;Cd3d;Cd3e
11,Progenitor,0.38271284103393555,True,1.0,Gata2;Kit;Cd34,1.0,Gata2;Kit;Cd34,
12,Ery,-0.5914181470870972,True,0.5714285714285714,Hba-a2;Gypa;Alas2;Klf1,0.5714285714285714,Hba-a2;Gypa;Alas2;Klf1,Hba-a1;Hbb-bs;Hbb-bt
12,Mk,-0.2569282650947571,True,0.6666666666666666,Pf4;Itga2b,0.6666666666666666,Pf4;Itga2b,Ppbp
12,Mo,0.09746429324150085,True,0.6666666666666666,Csf1r;Ctss,0.6666666666666666,Csf1r;Ctss,Lyz2
12,Neu,-0.5085937976837158,True,1.0,S100a8;S100a9;Elane;Mpo,1.0,S100a8;S100a9;Elane;Mpo,
12,Eos,-0.4561992585659027,True,0.6666666666666666,Epx;Prg2,0.6666666666666666,Epx;Prg2,Ccr3
12,Baso,-0.6059172749519348,True,0.6666666666666666,Mcpt8;Hdc,0.6666666666666666,Mcpt8;Hdc,Ms4a2
12,DC,-0.1252424269914627,True,1.0,Flt3;Cd74;H2-Ab1,1.0,Flt3;Cd74;H2-Ab1,
12,Lymph,,False,0.25,Cd79b,0.25,Cd79b,Cd79a;Cd3d;Cd3e
12,Progenitor,-0.8801402449607849,True,1.0,Gata2;Kit;Cd34,1.0,Gata2;Kit;Cd34,
13,Ery,-0.6196056008338928,True,0.5714285714285714,Hba-a2;Gypa;Alas2;Klf1,0.5714285714285714,Hba-a2;Gypa;Alas2;Klf1,Hba-a1;Hbb-bs;Hbb-bt
13,Mk,-0.15864446759223938,True,0.6666666666666666,Pf4;Itga2b,0.6666666666666666,Pf4;Itga2b,Ppbp
13,Mo,-0.12136110663414001,True,0.6666666666666666,Csf1r;Ctss,0.6666666666666666,Csf1r;Ctss,Lyz2
13,Neu,1.545295000076294,True,1.0,S100a8;S100a9;Elane;Mpo,1.0,S100a8;S100a9;Elane;Mpo,
13,Eos,-0.21537378430366516,True,0.6666666666666666,Epx;Prg2,0.6666666666666666,Epx;Prg2,Ccr3
13,Baso,0.806011974811554,True,0.6666666666666666,Mcpt8;Hdc,0.6666666666666666,Mcpt8;Hdc,Ms4a2
13,DC,-0.2625519335269928,True,1.0,Flt3;Cd74;H2-Ab1,1.0,Flt3;Cd74;H2-Ab1,
13,Lymph,,False,0.25,Cd79b,0.25,Cd79b,Cd79a;Cd3d;Cd3e
13,Progenitor,-0.08056678622961044,True,1.0,Gata2;Kit;Cd34,1.0,Gata2;Kit;Cd34,
14,Ery,-0.6084544062614441,True,0.5714285714285714,Hba-a2;Gypa;Alas2;Klf1,0.5714285714285714,Hba-a2;Gypa;Alas2;Klf1,Hba-a1;Hbb-bs;Hbb-bt
14,Mk,-0.45922747254371643,True,0.6666666666666666,Pf4;Itga2b,0.6666666666666666,Pf4;Itga2b,Ppbp
14,Mo,1.4115887880325317,True,0.6666666666666666,Csf1r;Ctss,0.6666666666666666,Csf1r;Ctss,Lyz2
14,Neu,-0.549685001373291,True,1.0,S100a8;S100a9;Elane;Mpo,1.0,S100a8;S100a9;Elane;Mpo,
14,Eos,-0.1826852411031723,True,0.6666666666666666,Epx;Prg2,0.6666666666666666,Epx;Prg2,Ccr3
14,Baso,-0.3902663588523865,True,0.6666666666666666,Mcpt8;Hdc,0.6666666666666666,Mcpt8;Hdc,Ms4a2
14,DC,3.0307178497314453,True,1.0,Flt3;Cd74;H2-Ab1,1.0,Flt3;Cd74;H2-Ab1,
14,Lymph,,False,0.25,Cd79b,0.25,Cd79b,Cd79a;Cd3d;Cd3e
14,Progenitor,-0.8217818737030029,True,1.0,Gata2;Kit;Cd34,1.0,Gata2;Kit;Cd34,
2,Ery,-0.6240463256835938,True,0.5714285714285714,Hba-a2;Gypa;Alas2;Klf1,0.5714285714285714,Hba-a2;Gypa;Alas2;Klf1,Hba-a1;Hbb-bs;Hbb-bt
2,Mk,-0.3526427149772644,True,0.6666666666666666,Pf4;Itga2b,0.6666666666666666,Pf4;Itga2b,Ppbp
2,Mo,-0.35178399085998535,True,0.6666666666666666,Csf1r;Ctss,0.6666666666666666,Csf1r;Ctss,Lyz2
2,Neu,2.361705780029297,True,1.0,S100a8;S100a9;Elane;Mpo,1.0,S100a8;S100a9;Elane;Mpo,
2,Eos,-0.3370427191257477,True,0.6666666666666666,Epx;Prg2,0.6666666666666666,Epx;Prg2,Ccr3
2,Baso,1.0101442337036133,True,0.6666666666666666,Mcpt8;Hdc,0.6666666666666666,Mcpt8;Hdc,Ms4a2
2,DC,-0.3643281161785126,True,1.0,Flt3;Cd74;H2-Ab1,1.0,Flt3;Cd74;H2-Ab1,
2,Lymph,,False,0.25,Cd79b,0.25,Cd79b,Cd79a;Cd3d;Cd3e
2,Progenitor,-0.23417223989963531,True,1.0,Gata2;Kit;Cd34,1.0,Gata2;Kit;Cd34,
3,Ery,-0.6180639266967773,True,0.5714285714285714,Hba-a2;Gypa;Alas2;Klf1,0.5714285714285714,Hba-a2;Gypa;Alas2;Klf1,Hba-a1;Hbb-bs;Hbb-bt
3,Mk,-0.410555899143219,True,0.6666666666666666,Pf4;Itga2b,0.6666666666666666,Pf4;Itga2b,Ppbp
3,Mo,1.2079973220825195,True,0.6666666666666666,Csf1r;Ctss,0.6666666666666666,Csf1r;Ctss,Lyz2
3,Neu,0.5521165728569031,True,1.0,S100a8;S100a9;Elane;Mpo,1.0,S100a8;S100a9;Elane;Mpo,
3,Eos,-0.09269349277019501,True,0.6666666666666666,Epx;Prg2,0.6666666666666666,Epx;Prg2,Ccr3
3,Baso,-0.057838208973407745,True,0.6666666666666666,Mcpt8;Hdc,0.6666666666666666,Mcpt8;Hdc,Ms4a2
3,DC,-0.1914697140455246,True,1.0,Flt3;Cd74;H2-Ab1,1.0,Flt3;Cd74;H2-Ab1,
3,Lymph,,False,0.25,Cd79b,0.25,Cd79b,Cd79a;Cd3d;Cd3e
3,Progenitor,0.06540099531412125,True,1.0,Gata2;Kit;Cd34,1.0,Gata2;Kit;Cd34,
4,Ery,1.006093978881836,True,0.5714285714285714,Hba-a2;Gypa;Alas2;Klf1,0.5714285714285714,Hba-a2;Gypa;Alas2;Klf1,Hba-a1;Hbb-bs;Hbb-bt
4,Mk,-0.2780326306819916,True,0.6666666666666666,Pf4;Itga2b,0.6666666666666666,Pf4;Itga2b,Ppbp
4,Mo,-0.5815609693527222,True,0.6666666666666666,Csf1r;Ctss,0.6666666666666666,Csf1r;Ctss,Lyz2
4,Neu,-0.48662522435188293,True,1.0,S100a8;S100a9;Elane;Mpo,1.0,S100a8;S100a9;Elane;Mpo,
4,Eos,-0.29594993591308594,True,0.6666666666666666,Epx;Prg2,0.6666666666666666,Epx;Prg2,Ccr3
4,Baso,-0.5292711853981018,True,0.6666666666666666,Mcpt8;Hdc,0.6666666666666666,Mcpt8;Hdc,Ms4a2
4,DC,-0.3479654788970947,True,1.0,Flt3;Cd74;H2-Ab1,1.0,Flt3;Cd74;H2-Ab1,
4,Lymph,,False,0.25,Cd79b,0.25,Cd79b,Cd79a;Cd3d;Cd3e
4,Progenitor,0.26778337359428406,True,1.0,Gata2;Kit;Cd34,1.0,Gata2;Kit;Cd34,
5,Ery,0.2275286316871643,True,0.5714285714285714,Hba-a2;Gypa;Alas2;Klf1,0.5714285714285714,Hba-a2;Gypa;Alas2;Klf1,Hba-a1;Hbb-bs;Hbb-bt
5,Mk,-0.3260924518108368,True,0.6666666666666666,Pf4;Itga2b,0.6666666666666666,Pf4;Itga2b,Ppbp
5,Mo,-0.48976820707321167,True,0.6666666666666666,Csf1r;Ctss,0.6666666666666666,Csf1r;Ctss,Lyz2
5,Neu,-0.535786509513855,True,1.0,S100a8;S100a9;Elane;Mpo,1.0,S100a8;S100a9;Elane;Mpo,
5,Eos,-0.10282189399003983,True,0.6666666666666666,Epx;Prg2,0.6666666666666666,Epx;Prg2,Ccr3
5,Baso,-0.5007972121238708,True,0.6666666666666666,Mcpt8;Hdc,0.6666666666666666,Mcpt8;Hdc,Ms4a2
5,DC,-0.37132981419563293,True,1.0,Flt3;Cd74;H2-Ab1,1.0,Flt3;Cd74;H2-Ab1,
5,Lymph,,False,0.25,Cd79b,0.25,Cd79b,Cd79a;Cd3d;Cd3e
5,Progenitor,0.3484680652618408,True,1.0,Gata2;Kit;Cd34,1.0,Gata2;Kit;Cd34,
6,Ery,1.8679780960083008,True,0.5714285714285714,Hba-a2;Gypa;Alas2;Klf1,0.5714285714285714,Hba-a2;Gypa;Alas2;Klf1,Hba-a1;Hbb-bs;Hbb-bt
6,Mk,-0.3218516707420349,True,0.6666666666666666,Pf4;Itga2b,0.6666666666666666,Pf4;Itga2b,Ppbp
6,Mo,-0.554600179195404,True,0.6666666666666666,Csf1r;Ctss,0.6666666666666666,Csf1r;Ctss,Lyz2
6,Neu,-0.5376865863800049,True,1.0,S100a8;S100a9;Elane;Mpo,1.0,S100a8;S100a9;Elane;Mpo,
6,Eos,-0.12564364075660706,True,0.6666666666666666,Epx;Prg2,0.6666666666666666,Epx;Prg2,Ccr3
6,Baso,-0.5782808065414429,True,0.6666666666666666,Mcpt8;Hdc,0.6666666666666666,Mcpt8;Hdc,Ms4a2
6,DC,-0.3196355402469635,True,1.0,Flt3;Cd74;H2-Ab1,1.0,Flt3;Cd74;H2-Ab1,
6,Lymph,,False,0.25,Cd79b,0.25,Cd79b,Cd79a;Cd3d;Cd3e
6,Progenitor,-0.3849826157093048,True,1.0,Gata2;Kit;Cd34,1.0,Gata2;Kit;Cd34,
7,Ery,-0.43512922525405884,True,0.5714285714285714,Hba-a2;Gypa;Alas2;Klf1,0.5714285714285714,Hba-a2;Gypa;Alas2;Klf1,Hba-a1;Hbb-bs;Hbb-bt
7,Mk,0.6166830062866211,True,0.6666666666666666,Pf4;Itga2b,0.6666666666666666,Pf4;Itga2b,Ppbp
7,Mo,-0.4090162515640259,True,0.6666666666666666,Csf1r;Ctss,0.6666666666666666,Csf1r;Ctss,Lyz2
7,Neu,-0.15747642517089844,True,1.0,S100a8;S100a9;Elane;Mpo,1.0,S100a8;S100a9;Elane;Mpo,
7,Eos,3.5849575996398926,True,0.6666666666666666,Epx;Prg2,0.6666666666666666,Epx;Prg2,Ccr3
7,Baso,2.8165063858032227,True,0.6666666666666666,Mcpt8;Hdc,0.6666666666666666,Mcpt8;Hdc,Ms4a2
7,DC,-0.36291027069091797,True,1.0,Flt3;Cd74;H2-Ab1,1.0,Flt3;Cd74;H2-Ab1,
7,Lymph,,False,0.25,Cd79b,0.25,Cd79b,Cd79a;Cd3d;Cd3e
7,Progenitor,0.7124249339103699,True,1.0,Gata2;Kit;Cd34,1.0,Gata2;Kit;Cd34,
8,Ery,-0.6542937755584717,True,0.5714285714285714,Hba-a2;Gypa;Alas2;Klf1,0.5714285714285714,Hba-a2;Gypa;Alas2;Klf1,Hba-a1;Hbb-bs;Hbb-bt
8,Mk,-0.17063917219638824,True,0.6666666666666666,Pf4;Itga2b,0.6666666666666666,Pf4;Itga2b,Ppbp
8,Mo,0.34180787205696106,True,0.6666666666666666,Csf1r;Ctss,0.6666666666666666,Csf1r;Ctss,Lyz2
8,Neu,-0.1049494743347168,True,1.0,S100a8;S100a9;Elane;Mpo,1.0,S100a8;S100a9;Elane;Mpo,
8,Eos,-0.3357014060020447,True,0.6666666666666666,Epx;Prg2,0.6666666666666666,Epx;Prg2,Ccr3
8,Baso,-0.11993644386529922,True,0.6666666666666666,Mcpt8;Hdc,0.6666666666666666,Mcpt8;Hdc,Ms4a2
8,DC,0.7620539665222168,True,1.0,Flt3;Cd74;H2-Ab1,1.0,Flt3;Cd74;H2-Ab1,
8,Lymph,,False,0.25,Cd79b,0.25,Cd79b,Cd79a;Cd3d;Cd3e
8,Progenitor,0.48471224308013916,True,1.0,Gata2;Kit;Cd34,1.0,Gata2;Kit;Cd34,
9,Ery,2.1439788341522217,True,0.5714285714285714,Hba-a2;Gypa;Alas2;Klf1,0.5714285714285714,Hba-a2;Gypa;Alas2;Klf1,Hba-a1;Hbb-bs;Hbb-bt
9,Mk,-0.33070600032806396,True,0.6666666666666666,Pf4;Itga2b,0.6666666666666666,Pf4;Itga2b,Ppbp
9,Mo,-0.5703632831573486,True,0.6666666666666666,Csf1r;Ctss,0.6666666666666666,Csf1r;Ctss,Lyz2
9,Neu,-0.4926150441169739,True,1.0,S100a8;S100a9;Elane;Mpo,1.0,S100a8;S100a9;Elane;Mpo,
9,Eos,-0.3060532212257385,True,0.6666666666666666,Epx;Prg2,0.6666666666666666,Epx;Prg2,Ccr3
9,Baso,-0.4663364291191101,True,0.6666666666666666,Mcpt8;Hdc,0.6666666666666666,Mcpt8;Hdc,Ms4a2
9,DC,-0.36464035511016846,True,1.0,Flt3;Cd74;H2-Ab1,1.0,Flt3;Cd74;H2-Ab1,
9,Lymph,,False,0.25,Cd79b,0.25,Cd79b,Cd79a;Cd3d;Cd3e
9,Progenitor,-0.5462444424629211,True,1.0,Gata2;Kit;Cd34,1.0,Gata2;Kit;Cd34,
