cluster,candidate,gene,present,n_cells,fraction_detected,mean_lognorm
0,interneurons,Gad1,True,136,1.0,2.718764305114746
0,interneurons,Gad2,True,136,0.9926470588235294,2.3692522048950195
0,interneurons,Slc6a1,True,136,0.9852941176470589,1.8622832298278809
0,pyramidal,Slc17a7,True,136,0.10294117647058824,0.049904488027095795
0,pyramidal,Camk2a,True,136,0.7720588235294118,0.8018914461135864
0,pyramidal,Neurod6,True,136,0.20588235294117646,0.21398623287677765
0,oligodendrocytes,Mbp,True,136,0.21323529411764705,0.1706506907939911
0,oligodendrocytes,Plp1,True,136,0.4705882352941177,0.5448012351989746
0,oligodendrocytes,Mog,True,136,0.04411764705882353,0.0812637209892273
0,astrocytes_ependymal,Aldh1l1,True,136,0.05147058823529412,0.024875948205590248
0,astrocytes_ependymal,Aqp4,True,136,0.08823529411764706,0.10050179064273834
0,astrocytes_ependymal,Slc1a3,True,136,0.10294117647058824,0.16174447536468506
0,microglia,C1qa,True,136,0.014705882352941176,0.015270155854523182
0,microglia,C1qb,True,136,0.007352941176470588,0.002035381505265832
0,microglia,Tyrobp,True,136,0.007352941176470588,0.002035381505265832
0,endothelial-mural,Kdr,True,136,0.022058823529411763,0.021299749612808228
0,endothelial-mural,Pecam1,True,136,0.014705882352941176,0.0077939582988619804
0,endothelial-mural,Cldn5,True,136,0.029411764705882353,0.03177099674940109
1,interneurons,Gad1,True,55,1.0,2.2832229137420654
1,interneurons,Gad2,True,55,1.0,2.2816035747528076
1,interneurons,Slc6a1,True,55,0.9636363636363637,1.7108885049819946
1,pyramidal,Slc17a7,True,55,0.18181818181818182,0.10107245296239853
1,pyramidal,Camk2a,True,55,0.7090909090909091,0.7258081436157227
1,pyramidal,Neurod6,True,55,0.3090909090909091,0.2856767773628235
1,oligodendrocytes,Mbp,True,55,0.38181818181818183,0.463873952627182
1,oligodendrocytes,Plp1,True,55,0.5272727272727272,1.1171436309814453
1,oligodendrocytes,Mog,True,55,0.2,0.3934353291988373
1,astrocytes_ependymal,Aldh1l1,True,55,0.01818181818181818,0.00528307817876339
1,astrocytes_ependymal,Aqp4,True,55,0.03636363636363636,0.04587278887629509
1,astrocytes_ependymal,Slc1a3,True,55,0.18181818181818182,0.20695610344409943
1,microglia,C1qa,True,55,0.0,0.0
1,microglia,C1qb,True,55,0.0,0.0
1,microglia,Tyrobp,True,55,0.0,0.0
1,endothelial-mural,Kdr,True,55,0.03636363636363636,0.027849707752466202
1,endothelial-mural,Pecam1,True,55,0.01818181818181818,0.021134331822395325
1,endothelial-mural,Cldn5,True,55,0.03636363636363636,0.04436811804771423
10,interneurons,Gad1,True,16,0.0,0.0
10,interneurons,Gad2,True,16,0.125,0.04550429806113243
10,interneurons,Slc6a1,True,16,0.625,0.2954045832157135
10,pyramidal,Slc17a7,True,16,0.8125,0.6346899271011353
10,pyramidal,Camk2a,True,16,1.0,1.6645023822784424
10,pyramidal,Neurod6,True,16,1.0,2.002434730529785
10,oligodendrocytes,Mbp,True,16,0.125,0.04048161581158638
10,oligodendrocytes,Plp1,True,16,0.6875,0.45114970207214355
10,oligodendrocytes,Mog,True,16,0.0,0.0
10,astrocytes_ependymal,Aldh1l1,True,16,0.0,0.0
10,astrocytes_ependymal,Aqp4,True,16,0.0,0.0
10,astrocytes_ependymal,Slc1a3,True,16,0.0,0.0
10,microglia,C1qa,True,16,0.0,0.0
10,microglia,C1qb,True,16,0.0,0.0
10,microglia,Tyrobp,True,16,0.0,0.0
10,endothelial-mural,Kdr,True,16,0.25,0.10158097743988037
10,endothelial-mural,Pecam1,True,16,0.0,0.0
10,endothelial-mural,Cldn5,True,16,0.0,0.0
11,interneurons,Gad1,True,254,0.05511811023622047,0.04067780449986458
11,interneurons,Gad2,True,254,0.051181102362204724,0.031509678810834885
11,interneurons,Slc6a1,True,254,0.047244094488188976,0.023271063342690468
11,pyramidal,Slc17a7,True,254,0.811023622047244,0.849463939666748
11,pyramidal,Camk2a,True,254,0.9960629921259843,2.133812427520752
11,pyramidal,Neurod6,True,254,1.0,2.4841675758361816
11,oligodendrocytes,Mbp,True,254,0.3070866141732283,0.18701963126659393
11,oligodendrocytes,Plp1,True,254,0.38976377952755903,0.3239471912384033
11,oligodendrocytes,Mog,True,254,0.023622047244094488,0.014269828796386719
11,astrocytes_ependymal,Aldh1l1,True,254,0.007874015748031496,0.003420402994379401
11,astrocytes_ependymal,Aqp4,True,254,0.015748031496062992,0.010178700089454651
11,astrocytes_ependymal,Slc1a3,True,254,0.05511811023622047,0.030333857983350754
11,microglia,C1qa,True,254,0.003937007874015748,0.0018050340004265308
11,microglia,C1qb,True,254,0.0,0.0
11,microglia,Tyrobp,True,254,0.0,0.0
11,endothelial-mural,Kdr,True,254,0.0,0.0
11,endothelial-mural,Pecam1,True,254,0.003937007874015748,0.0015437997644767165
11,endothelial-mural,Cldn5,True,254,0.0,0.0
12,interneurons,Gad1,True,284,0.06690140845070422,0.04302448779344559
12,interneurons,Gad2,True,284,0.04577464788732395,0.028883570805191994
12,interneurons,Slc6a1,True,284,0.03873239436619719,0.025662174448370934
12,pyramidal,Slc17a7,True,284,0.8485915492957748,0.9773272275924683
12,pyramidal,Camk2a,True,284,0.9894366197183098,1.976182222366333
12,pyramidal,Neurod6,True,284,0.6866197183098592,0.7983945608139038
12,oligodendrocytes,Mbp,True,284,0.3802816901408451,0.32231366634368896
12,oligodendrocytes,Plp1,True,284,0.7605633802816902,1.1096405982971191
12,oligodendrocytes,Mog,True,284,0.09507042253521125,0.07692772895097733
12,astrocytes_ependymal,Aldh1l1,True,284,0.15492957746478872,0.09078450500965118
12,astrocytes_ependymal,Aqp4,True,284,0.049295774647887335,0.03287515789270401
12,astrocytes_ependymal,Slc1a3,True,284,0.11971830985915492,0.08119256049394608
12,microglia,C1qa,True,284,0.007042253521126761,0.004034700803458691
12,microglia,C1qb,True,284,0.0,0.0
12,microglia,Tyrobp,True,284,0.0,0.0
12,endothelial-mural,Kdr,True,284,0.017605633802816902,0.012876195833086967
12,endothelial-mural,Pecam1,True,284,0.0035211267605633804,0.003351472318172455
12,endothelial-mural,Cldn5,True,284,0.01056338028169014,0.007935915142297745
13,interneurons,Gad1,True,34,0.0,0.0
13,interneurons,Gad2,True,34,0.058823529411764705,0.03960512578487396
13,interneurons,Slc6a1,True,34,0.058823529411764705,0.018774596974253654
13,pyramidal,Slc17a7,True,34,0.9117647058823529,0.8986634016036987
13,pyramidal,Camk2a,True,34,0.9411764705882353,1.2870311737060547
13,pyramidal,Neurod6,True,34,0.8823529411764706,1.280853271484375
13,oligodendrocytes,Mbp,True,34,0.2058823529411765,0.13125213980674744
13,oligodendrocytes,Plp1,True,34,0.7058823529411764,0.6693494319915771
13,oligodendrocytes,Mog,True,34,0.08823529411764705,0.0528096929192543
13,astrocytes_ependymal,Aldh1l1,True,34,0.058823529411764705,0.018597273156046867
13,astrocytes_ependymal,Aqp4,True,34,0.058823529411764705,0.031360652297735214
13,astrocytes_ependymal,Slc1a3,True,34,0.08823529411764705,0.07812508940696716
13,microglia,C1qa,True,34,0.058823529411764705,0.028624117374420166
13,microglia,C1qb,True,34,0.0,0.0
13,microglia,Tyrobp,True,34,0.0,0.0
13,endothelial-mural,Kdr,True,34,0.058823529411764705,0.05085841193795204
13,endothelial-mural,Pecam1,True,34,0.0,0.0
13,endothelial-mural,Cldn5,True,34,0.0,0.0
14,interneurons,Gad1,True,276,0.11231884057971016,0.13562200963497162
14,interneurons,Gad2,True,276,0.09782608695652174,0.11849893629550934
14,interneurons,Slc6a1,True,276,0.1666666666666666,0.23022517561912537
14,pyramidal,Slc17a7,True,276,0.29347826086956524,0.3214530646800995
14,pyramidal,Camk2a,True,276,0.5253623188405797,1.0158982276916504
14,pyramidal,Neurod6,True,276,0.29710144927536236,0.47811585664749146
14,oligodendrocytes,Mbp,True,276,0.3949275362318842,0.5484076142311096
14,oligodendrocytes,Plp1,True,276,0.7898550724637683,1.7133431434631348
14,oligodendrocytes,Mog,True,276,0.11594202898550725,0.17183679342269897
14,astrocytes_ependymal,Aldh1l1,True,276,0.06884057971014493,0.06770914047956467
14,astrocytes_ependymal,Aqp4,True,276,0.15217391304347824,0.311206579208374
14,astrocytes_ependymal,Slc1a3,True,276,0.27173913043478265,0.6179876923561096
14,microglia,C1qa,True,276,0.007246376811594203,0.01018320582807064
14,microglia,C1qb,True,276,0.0036231884057971015,0.01142758410423994
14,microglia,Tyrobp,True,276,0.010869565217391304,0.011852281168103218
14,endothelial-mural,Kdr,True,276,0.6811594202898552,1.2318507432937622
14,endothelial-mural,Pecam1,True,276,0.6268115942028987,1.0235719680786133
14,endothelial-mural,Cldn5,True,276,0.9239130434782609,1.9787876605987549
15,interneurons,Gad1,True,54,0.18518518518518517,0.2004038244485855
15,interneurons,Gad2,True,54,0.18518518518518517,0.2005811482667923
15,interneurons,Slc6a1,True,54,0.2962962962962963,0.3471745550632477
15,pyramidal,Slc17a7,True,54,0.35185185185185175,0.40856269001960754
15,pyramidal,Camk2a,True,54,0.611111111111111,1.156139612197876
15,pyramidal,Neurod6,True,54,0.35185185185185175,0.6909875869750977
15,oligodendrocytes,Mbp,True,54,0.648148148148148,1.6691197156906128
15,oligodendrocytes,Plp1,True,54,0.8888888888888888,3.2816081047058105
15,oligodendrocytes,Mog,True,54,0.38888888888888873,1.3872859477996826
15,astrocytes_ependymal,Aldh1l1,True,54,0.09259259259259259,0.05318593978881836
15,astrocytes_ependymal,Aqp4,True,54,0.1111111111111111,0.17886877059936523
15,astrocytes_ependymal,Slc1a3,True,54,0.5925925925925926,1.0627994537353516
15,microglia,C1qa,True,54,0.9629629629629628,2.0713462829589844
15,microglia,C1qb,True,54,0.9074074074074073,1.8111809492111206
15,microglia,Tyrobp,True,54,0.9259259259259258,1.6856794357299805
15,endothelial-mural,Kdr,True,54,0.07407407407407407,0.0785706639289856
15,endothelial-mural,Pecam1,True,54,0.07407407407407407,0.09089690446853638
15,endothelial-mural,Cldn5,True,54,0.037037037037037035,0.08849821984767914
16,interneurons,Gad1,True,95,0.09473684210526316,0.12906195223331451
16,interneurons,Gad2,True,95,0.0736842105263158,0.10826735198497772
16,interneurons,Slc6a1,True,95,0.2105263157894737,0.2882001996040344
16,pyramidal,Slc17a7,True,95,0.2631578947368421,0.2837885916233063
16,pyramidal,Camk2a,True,95,0.5789473684210529,1.0525195598602295
16,pyramidal,Neurod6,True,95,0.27368421052631575,0.3855189085006714
16,oligodendrocytes,Mbp,True,95,0.6105263157894738,1.5452067852020264
16,oligodendrocytes,Plp1,True,95,0.8210526315789477,3.09018611907959
16,oligodendrocytes,Mog,True,95,0.3894736842105262,1.3257205486297607
16,astrocytes_ependymal,Aldh1l1,True,95,0.042105263157894736,0.043735429644584656
16,astrocytes_ependymal,Aqp4,True,95,0.1473684210526316,0.26502102613449097
16,astrocytes_ependymal,Slc1a3,True,95,0.3368421052631579,0.5787111520767212
16,microglia,C1qa,True,95,0.031578947368421054,0.032075557857751846
16,microglia,C1qb,True,95,0.021052631578947368,0.022997431457042694
16,microglia,Tyrobp,True,95,0.010526315789473684,0.0063164508901536465
16,endothelial-mural,Kdr,True,95,0.031578947368421054,0.03627503663301468
16,endothelial-mural,Pecam1,True,95,0.021052631578947368,0.018152525648474693
16,endothelial-mural,Cldn5,True,95,0.031578947368421054,0.03175270929932594
17,interneurons,Gad1,True,19,0.05263157894736842,0.03106015920639038
17,interneurons,Gad2,True,19,0.05263157894736842,0.03106015920639038
17,interneurons,Slc6a1,True,19,0.42105263157894735,0.34282517433166504
17,pyramidal,Slc17a7,True,19,0.05263157894736842,0.06337599456310272
17,pyramidal,Camk2a,True,19,0.3684210526315789,0.3936171531677246
17,pyramidal,Neurod6,True,19,0.10526315789473684,0.03658227622509003
17,oligodendrocytes,Mbp,True,19,0.6842105263157894,1.6932086944580078
17,oligodendrocytes,Plp1,True,19,0.9473684210526314,3.5549769401550293
17,oligodendrocytes,Mog,True,19,0.5789473684210527,1.6877286434173584
17,astrocytes_ependymal,Aldh1l1,True,19,0.10526315789473684,0.08143559098243713
17,astrocytes_ependymal,Aqp4,True,19,0.10526315789473684,0.04822389408946037
17,astrocytes_ependymal,Slc1a3,True,19,0.47368421052631576,0.5623001456260681
17,microglia,C1qa,True,19,0.05263157894736842,0.06871861219406128
17,microglia,C1qb,True,19,0.05263157894736842,0.03369029238820076
17,microglia,Tyrobp,True,19,0.05263157894736842,0.05406629294157028
17,endothelial-mural,Kdr,True,19,0.15789473684210525,0.07896817475557327
17,endothelial-mural,Pecam1,True,19,0.10526315789473684,0.03437811881303787
17,endothelial-mural,Cldn5,True,19,0.10526315789473684,0.04652541130781174
18,interneurons,Gad1,True,293,0.07167235494880546,0.052553217858076096
18,interneurons,Gad2,True,293,0.04778156996587032,0.05027974024415016
18,interneurons,Slc6a1,True,293,0.28327645051194533,0.23619046807289124
18,pyramidal,Slc17a7,True,293,0.027303754266211604,0.021521426737308502
18,pyramidal,Camk2a,True,293,0.1911262798634812,0.18010392785072327
18,pyramidal,Neurod6,True,293,0.027303754266211604,0.03463852405548096
18,oligodendrocytes,Mbp,True,293,0.9999999999999998,3.8886308670043945
18,oligodendrocytes,Plp1,True,293,0.9999999999999998,6.347716808319092
18,oligodendrocytes,Mog,True,293,0.9965870307167235,3.958763837814331
18,astrocytes_ependymal,Aldh1l1,True,293,0.013651877133105802,0.013241655193269253
18,astrocytes_ependymal,Aqp4,True,293,0.09897610921501704,0.09575127810239792
18,astrocytes_ependymal,Slc1a3,True,293,0.5290102389078497,0.6510339975357056
18,microglia,C1qa,True,293,0.010238907849829351,0.011247480288147926
18,microglia,C1qb,True,293,0.02389078498293515,0.03130117803812027
18,microglia,Tyrobp,True,293,0.006825938566552901,0.008285610005259514
18,endothelial-mural,Kdr,True,293,0.034129692832764506,0.03123498521745205
18,endothelial-mural,Pecam1,True,293,0.006825938566552901,0.007762561552226543
18,endothelial-mural,Cldn5,True,293,0.020477815699658702,0.020117828622460365
19,interneurons,Gad1,True,71,0.14084507042253522,0.1401141732931137
19,interneurons,Gad2,True,71,0.11267605633802817,0.09744125604629517
19,interneurons,Slc6a1,True,71,0.22535211267605634,0.18504634499549866
19,pyramidal,Slc17a7,True,71,0.04225352112676056,0.04887501895427704
19,pyramidal,Camk2a,True,71,0.1830985915492958,0.164011150598526
19,pyramidal,Neurod6,True,71,0.04225352112676056,0.041949428617954254
19,oligodendrocytes,Mbp,True,71,0.9999999999999998,3.6094014644622803
19,oligodendrocytes,Plp1,True,71,0.9999999999999998,6.127828121185303
19,oligodendrocytes,Mog,True,71,0.9999999999999998,3.7689175605773926
19,astrocytes_ependymal,Aldh1l1,True,71,0.014084507042253521,0.015627186745405197
19,astrocytes_ependymal,Aqp4,True,71,0.07042253521126761,0.08994972705841064
19,astrocytes_ependymal,Slc1a3,True,71,0.4788732394366197,0.5800628662109375
19,microglia,C1qa,True,71,0.0,0.0
19,microglia,C1qb,True,71,0.014084507042253521,0.008471493609249592
19,microglia,Tyrobp,True,71,0.014084507042253521,0.013724175281822681
19,endothelial-mural,Kdr,True,71,0.4647887323943662,0.6229247450828552
19,endothelial-mural,Pecam1,True,71,0.3943661971830985,0.4039415121078491
19,endothelial-mural,Cldn5,True,71,0.76056338028169,1.0968270301818848
2,interneurons,Gad1,True,165,0.07878787878787878,0.07475518435239792
2,interneurons,Gad2,True,165,0.08484848484848484,0.07018057256937027
2,interneurons,Slc6a1,True,165,0.3333333333333332,0.26185646653175354
2,pyramidal,Slc17a7,True,165,0.31515151515151507,0.2542547583580017
2,pyramidal,Camk2a,True,165,0.6242424242424244,1.0349204540252686
2,pyramidal,Neurod6,True,165,0.4363636363636363,0.6829279661178589
2,oligodendrocytes,Mbp,True,165,0.9999999999999999,3.8886208534240723
2,oligodendrocytes,Plp1,True,165,0.9999999999999999,6.109400749206543
2,oligodendrocytes,Mog,True,165,0.9999999999999999,3.537771701812744
2,astrocytes_ependymal,Aldh1l1,True,165,0.012121212121212121,0.0045055244117975235
2,astrocytes_ependymal,Aqp4,True,165,0.030303030303030304,0.02854422852396965
2,astrocytes_ependymal,Slc1a3,True,165,0.2727272727272727,0.24013341963291168
2,microglia,C1qa,True,165,0.0,0.0
2,microglia,C1qb,True,165,0.006060606060606061,0.0018145596841350198
2,microglia,Tyrobp,True,165,0.012121212121212121,0.0060788607224822044
2,endothelial-mural,Kdr,True,165,0.03636363636363636,0.026685189455747604
2,endothelial-mural,Pecam1,True,165,0.024242424242424242,0.010791877284646034
2,endothelial-mural,Cldn5,True,165,0.030303030303030304,0.028413232415914536
20,interneurons,Gad1,True,32,0.15625,0.16860072314739227
20,interneurons,Gad2,True,32,0.0625,0.10446155816316605
20,interneurons,Slc6a1,True,32,0.375,0.3515276610851288
20,pyramidal,Slc17a7,True,32,0.1875,0.14913631975650787
20,pyramidal,Camk2a,True,32,0.59375,0.7303394079208374
20,pyramidal,Neurod6,True,32,0.25,0.3408809304237366
20,oligodendrocytes,Mbp,True,32,1.0,4.30837345123291
20,oligodendrocytes,Plp1,True,32,1.0,5.291746139526367
20,oligodendrocytes,Mog,True,32,0.78125,1.7812581062316895
20,astrocytes_ependymal,Aldh1l1,True,32,0.0,0.0
20,astrocytes_ependymal,Aqp4,True,32,0.09375,0.08091011643409729
20,astrocytes_ependymal,Slc1a3,True,32,0.1875,0.2301950752735138
20,microglia,C1qa,True,32,0.03125,0.04891839623451233
20,microglia,C1qb,True,32,0.0625,0.060373127460479736
20,microglia,Tyrobp,True,32,0.0,0.0
20,endothelial-mural,Kdr,True,32,0.0,0.0
20,endothelial-mural,Pecam1,True,32,0.0,0.0
20,endothelial-mural,Cldn5,True,32,0.03125,0.03107714280486107
21,interneurons,Gad1,True,70,0.2142857142857143,0.16871890425682068
21,interneurons,Gad2,True,70,0.08571428571428572,0.05040832981467247
21,interneurons,Slc6a1,True,70,0.8285714285714285,0.8925467729568481
21,pyramidal,Slc17a7,True,70,0.8,0.7990936040878296
21,pyramidal,Camk2a,True,70,0.9857142857142855,2.0559945106506348
21,pyramidal,Neurod6,True,70,0.9857142857142855,1.86770761013031
21,oligodendrocytes,Mbp,True,70,0.4285714285714286,0.41578373312950134
21,oligodendrocytes,Plp1,True,70,0.5999999999999999,0.9113317131996155
21,oligodendrocytes,Mog,True,70,0.04285714285714286,0.020037010312080383
21,astrocytes_ependymal,Aldh1l1,True,70,0.45714285714285713,0.36291635036468506
21,astrocytes_ependymal,Aqp4,True,70,0.9571428571428571,1.5477619171142578
21,astrocytes_ependymal,Slc1a3,True,70,0.9999999999999998,2.736076831817627
21,microglia,C1qa,True,70,0.014285714285714285,0.014533535577356815
21,microglia,C1qb,True,70,0.0,0.0
21,microglia,Tyrobp,True,70,0.0,0.0
21,endothelial-mural,Kdr,True,70,0.02857142857142857,0.011434681713581085
21,endothelial-mural,Pecam1,True,70,0.014285714285714285,0.007372186053544283
21,endothelial-mural,Cldn5,True,70,0.0,0.0
22,interneurons,Gad1,True,93,0.25806451612903225,0.17011255025863647
22,interneurons,Gad2,True,93,0.2365591397849462,0.20698407292366028
22,interneurons,Slc6a1,True,93,0.2365591397849462,0.1637531965970993
22,pyramidal,Slc17a7,True,93,0.8924731182795701,1.0418463945388794
22,pyramidal,Camk2a,True,93,1.0000000000000002,2.730882167816162
22,pyramidal,Neurod6,True,93,1.0000000000000002,1.9620106220245361
22,oligodendrocytes,Mbp,True,93,0.6129032258064517,0.6777222752571106
22,oligodendrocytes,Plp1,True,93,0.6774193548387097,1.2460556030273438
22,oligodendrocytes,Mog,True,93,0.17204301075268819,0.186092346906662
22,astrocytes_ependymal,Aldh1l1,True,93,0.0,0.0
22,astrocytes_ependymal,Aqp4,True,93,0.043010752688172046,0.020882511511445045
22,astrocytes_ependymal,Slc1a3,True,93,0.2043010752688172,0.14673691987991333
22,microglia,C1qa,True,93,0.043010752688172046,0.0176403671503067
22,microglia,C1qb,True,93,0.0,0.0
22,microglia,Tyrobp,True,93,0.010752688172043012,0.0068246740847826
22,endothelial-mural,Kdr,True,93,0.021505376344086023,0.01241203211247921
22,endothelial-mural,Pecam1,True,93,0.0,0.0
22,endothelial-mural,Cldn5,True,93,0.010752688172043012,0.007353002205491066
3,interneurons,Gad1,True,112,0.991071428571428,3.456740140914917
3,interneurons,Gad2,True,112,0.991071428571428,3.2352893352508545
3,interneurons,Slc6a1,True,112,0.991071428571428,2.8816182613372803
3,pyramidal,Slc17a7,True,112,0.10714285714285712,0.08057212084531784
3,pyramidal,Camk2a,True,112,0.8571428571428569,0.9547117352485657
3,pyramidal,Neurod6,True,112,0.1339285714285714,0.1466396600008011
3,oligodendrocytes,Mbp,True,112,0.21428571428571427,0.1638309508562088
3,oligodendrocytes,Plp1,True,112,0.34821428571428586,0.43606555461883545
3,oligodendrocytes,Mog,True,112,0.026785714285714284,0.0215659998357296
3,astrocytes_ependymal,Aldh1l1,True,112,0.026785714285714284,0.01349720824509859
3,astrocytes_ependymal,Aqp4,True,112,0.07142857142857142,0.10607454180717468
3,astrocytes_ependymal,Slc1a3,True,112,0.11607142857142855,0.19971425831317902
3,microglia,C1qa,True,112,0.008928571428571428,0.0038630813360214233
3,microglia,C1qb,True,112,0.008928571428571428,0.0038630813360214233
3,microglia,Tyrobp,True,112,0.008928571428571428,0.0038630813360214233
3,endothelial-mural,Kdr,True,112,0.05357142857142856,0.03382553160190582
3,endothelial-mural,Pecam1,True,112,0.008928571428571428,0.010127583518624306
3,endothelial-mural,Cldn5,True,112,0.03571428571428571,0.03856926038861275
4,interneurons,Gad1,True,170,0.14705882352941177,0.19083207845687866
4,interneurons,Gad2,True,170,0.07647058823529412,0.09859700500965118
4,interneurons,Slc6a1,True,170,0.8352941176470587,1.530842900276184
4,pyramidal,Slc17a7,True,170,0.2,0.20592787861824036
4,pyramidal,Camk2a,True,170,0.47058823529411764,0.7810994386672974
4,pyramidal,Neurod6,True,170,0.2,0.23244059085845947
4,oligodendrocytes,Mbp,True,170,0.2294117647058824,0.2962258756160736
4,oligodendrocytes,Plp1,True,170,0.7294117647058824,1.4616767168045044
4,oligodendrocytes,Mog,True,170,0.09411764705882353,0.12713761627674103
4,astrocytes_ependymal,Aldh1l1,True,170,0.5941176470588234,0.8400359749794006
4,astrocytes_ependymal,Aqp4,True,170,0.9470588235294117,2.993324041366577
4,astrocytes_ependymal,Slc1a3,True,170,0.9941176470588234,3.7224137783050537
4,microglia,C1qa,True,170,0.0058823529411764705,0.004075572360306978
4,microglia,C1qb,True,170,0.0,0.0
4,microglia,Tyrobp,True,170,0.011764705882352941,0.006479448638856411
4,endothelial-mural,Kdr,True,170,0.01764705882352941,0.020943598821759224
4,endothelial-mural,Pecam1,True,170,0.0,0.0
4,endothelial-mural,Cldn5,True,170,0.0058823529411764705,0.004275892861187458
5,interneurons,Gad1,True,106,0.16037735849056603,0.16913515329360962
5,interneurons,Gad2,True,106,0.07547169811320754,0.06889721006155014
5,interneurons,Slc6a1,True,106,0.7452830188679245,0.969502329826355
5,pyramidal,Slc17a7,True,106,0.10377358490566037,0.08590942621231079
5,pyramidal,Camk2a,True,106,0.36792452830188677,0.4197119176387787
5,pyramidal,Neurod6,True,106,0.12264150943396225,0.1637570559978485
5,oligodendrocytes,Mbp,True,106,0.9999999999999999,3.5265417098999023
5,oligodendrocytes,Plp1,True,106,0.9999999999999999,5.847696781158447
5,oligodendrocytes,Mog,True,106,0.9433962264150942,3.372429609298706
5,astrocytes_ependymal,Aldh1l1,True,106,0.3962264150943396,0.3603089451789856
5,astrocytes_ependymal,Aqp4,True,106,0.6415094339622641,1.2594609260559082
5,astrocytes_ependymal,Slc1a3,True,106,0.9433962264150942,2.4061434268951416
5,microglia,C1qa,True,106,0.0,0.0
5,microglia,C1qb,True,106,0.009433962264150943,0.005356753710657358
5,microglia,Tyrobp,True,106,0.009433962264150943,0.005600392818450928
5,endothelial-mural,Kdr,True,106,0.009433962264150943,0.01070241816341877
5,endothelial-mural,Pecam1,True,106,0.009433962264150943,0.006395767442882061
5,endothelial-mural,Cldn5,True,106,0.03773584905660377,0.02799399010837078
6,interneurons,Gad1,True,28,0.17857142857142855,0.3651534914970398
6,interneurons,Gad2,True,28,0.2857142857142857,0.4607270359992981
6,interneurons,Slc6a1,True,28,0.6071428571428571,0.6502462029457092
6,pyramidal,Slc17a7,True,28,0.4285714285714285,0.39455151557922363
6,pyramidal,Camk2a,True,28,0.6428571428571428,1.1485239267349243
6,pyramidal,Neurod6,True,28,0.5357142857142856,0.8389889597892761
6,oligodendrocytes,Mbp,True,28,0.2857142857142857,0.36244794726371765
6,oligodendrocytes,Plp1,True,28,0.4285714285714285,0.7129236459732056
6,oligodendrocytes,Mog,True,28,0.14285714285714285,0.1531219333410263
6,astrocytes_ependymal,Aldh1l1,True,28,0.07142857142857142,0.031156880781054497
6,astrocytes_ependymal,Aqp4,True,28,0.9285714285714285,1.7551158666610718
6,astrocytes_ependymal,Slc1a3,True,28,0.9285714285714285,1.8726258277893066
6,microglia,C1qa,True,28,0.0,0.0
6,microglia,C1qb,True,28,0.0,0.0
6,microglia,Tyrobp,True,28,0.0,0.0
6,endothelial-mural,Kdr,True,28,0.07142857142857142,0.08674761652946472
6,endothelial-mural,Pecam1,True,28,0.03571428571428571,0.038748838007450104
6,endothelial-mural,Cldn5,True,28,0.03571428571428571,0.08331470936536789
7,interneurons,Gad1,True,149,0.22147651006711408,0.3314712345600128
7,interneurons,Gad2,True,149,0.18120805369127513,0.28816837072372437
7,interneurons,Slc6a1,True,149,0.30872483221476504,0.3336472511291504
7,pyramidal,Slc17a7,True,149,0.523489932885906,0.46659108996391296
7,pyramidal,Camk2a,True,149,0.8724832214765099,1.4046430587768555
7,pyramidal,Neurod6,True,149,0.3892617449664429,0.433449387550354
7,oligodendrocytes,Mbp,True,149,0.9999999999999998,3.224038600921631
7,oligodendrocytes,Plp1,True,149,0.9999999999999998,5.838376998901367
7,oligodendrocytes,Mog,True,149,0.9932885906040267,3.496830463409424
7,astrocytes_ependymal,Aldh1l1,True,149,0.06711409395973154,0.03707562014460564
7,astrocytes_ependymal,Aqp4,True,149,0.046979865771812075,0.026716269552707672
7,astrocytes_ependymal,Slc1a3,True,149,0.44966442953020125,0.43889597058296204
7,microglia,C1qa,True,149,0.013422818791946308,0.009781308472156525
7,microglia,C1qb,True,149,0.006711409395973154,0.007041022181510925
7,microglia,Tyrobp,True,149,0.013422818791946308,0.005765264853835106
7,endothelial-mural,Kdr,True,149,0.040268456375838924,0.0366533026099205
7,endothelial-mural,Pecam1,True,149,0.006711409395973154,0.008029969409108162
7,endothelial-mural,Cldn5,True,149,0.020134228187919462,0.012312631122767925
8,interneurons,Gad1,True,128,0.1015625,0.10571762174367905
8,interneurons,Gad2,True,128,0.09375,0.11486689001321793
8,interneurons,Slc6a1,True,128,0.171875,0.23132285475730896
8,pyramidal,Slc17a7,True,128,0.15625,0.16734488308429718
8,pyramidal,Camk2a,True,128,0.4609375,0.7528539299964905
8,pyramidal,Neurod6,True,128,0.1796875,0.2571841776371002
8,oligodendrocytes,Mbp,True,128,0.609375,1.4565211534500122
8,oligodendrocytes,Plp1,True,128,0.890625,3.099910259246826
8,oligodendrocytes,Mog,True,128,0.359375,1.1085187196731567
8,astrocytes_ependymal,Aldh1l1,True,128,0.046875,0.035936139523983
8,astrocytes_ependymal,Aqp4,True,128,0.1953125,0.2670181393623352
8,astrocytes_ependymal,Slc1a3,True,128,0.34375,0.5913776159286499
8,microglia,C1qa,True,128,0.9609375,2.6889684200286865
8,microglia,C1qb,True,128,0.9453125,2.4441564083099365
8,microglia,Tyrobp,True,128,0.96875,2.520496368408203
8,endothelial-mural,Kdr,True,128,0.09375,0.1254478096961975
8,endothelial-mural,Pecam1,True,128,0.0390625,0.0631413385272026
8,endothelial-mural,Cldn5,True,128,0.1015625,0.1743672639131546
9,interneurons,Gad1,True,365,0.07945205479452057,0.06076119467616081
9,interneurons,Gad2,True,365,0.08767123287671233,0.059532586485147476
9,interneurons,Slc6a1,True,365,0.12328767123287672,0.07401297986507416
9,pyramidal,Slc17a7,True,365,0.8794520547945204,0.9150076508522034
9,pyramidal,Camk2a,True,365,0.991780821917808,1.938652753829956
9,pyramidal,Neurod6,True,365,0.9945205479452053,2.0131211280822754
9,oligodendrocytes,Mbp,True,365,0.4767123287671231,0.28114673495292664
9,oligodendrocytes,Plp1,True,365,0.36164383561643826,0.3184855580329895
9,oligodendrocytes,Mog,True,365,0.03561643835616438,0.02146512269973755
9,astrocytes_ependymal,Aldh1l1,True,365,0.0,0.0
9,astrocytes_ependymal,Aqp4,True,365,0.04657534246575343,0.021082328632473946
9,astrocytes_ependymal,Slc1a3,True,365,0.0849315068493151,0.044855836778879166
9,microglia,C1qa,True,365,0.008219178082191782,0.004320363514125347
9,microglia,C1qb,True,365,0.005479452054794521,0.003140257205814123
9,microglia,Tyrobp,True,365,0.0027397260273972603,0.0004624134162440896
9,endothelial-mural,Kdr,True,365,0.01643835616438356,0.009546042419970036
9,endothelial-mural,Pecam1,True,365,0.0,0.0
9,endothelial-mural,Cldn5,True,365,0.005479452054794521,0.0019399647135287523
