item_id,title,decision,reviewer,reviewed_on,applicability,correction_or_experience,supporting_evidence,unresolved_question
R01,Use the current tutorial location and record the version,pending,,,,,,
R02,Inspect QC per sample and revisit exclusions,pending,,,,,,
R03,Do not transfer a MAD multiplier without its definition,pending,,,,,,
R04,Define the physical capture before detecting doublets,pending,,,,,,
R05,"Treat ambient RNA correction as a separate, auditable branch",pending,,,,,,
R06,Validate every component before combining matrices,pending,,,,,,
R07,A raw slot is not a verified raw-count archive,pending,,,,,,
R08,Select the HVG input layer to match the method,pending,,,,,,
R09,Record the normalization target instead of saying only normalized,pending,,,,,,
R10,Check the classifier input and reference before trusting labels,pending,,,,,,
R11,Register counts and batch deliberately for scVI,pending,,,,,,
R12,Do not turn one donor into many biological replicates,pending,,,,,,
R13,Separate marker ranking from replicated condition DE,pending,,,,,,
R14,Review low-expression DE instead of importing a forum cutoff,pending,,,,,,
R15,Review a tutorial design formula against the sampling scheme,pending,,,,,,
R16,Treat historical memory workarounds as version-specific,pending,,,,,,
R17,Choose an enrichment background that matches gene eligibility,pending,,,,,,
R18,Distinguish global gene filtering from test-specific filtering,pending,,,,,,
