cluster,cell_type_proposal,best_candidate,score,runner_up,margin,reason,review_status,n_cells
0,acinar,acinar,2.7118048667907715,delta,2.5231089740991592,marker_supported_proposal,pending,70
1,acinar,acinar,2.819861888885498,ductal,2.5713808089494705,marker_supported_proposal,pending,568
10,stellate,stellate,2.309924364089966,delta,2.447326183319092,marker_supported_proposal,pending,121
11,beta,beta,1.3732589483261108,epsilon,1.136206567287445,marker_supported_proposal,pending,542
12,alpha,alpha,1.7834280729293823,epsilon,1.3615559935569763,marker_supported_proposal,pending,191
13,endothelial,endothelial,4.437113285064697,delta,3.6425716280937195,marker_supported_proposal,pending,191
14,alpha,alpha,1.3613104820251465,epsilon,0.9778676629066467,marker_supported_proposal,pending,805
15,acinar,acinar,1.577901840209961,ductal,0.8343179821968079,marker_supported_proposal,pending,131
16,epsilon,epsilon,2.775162696838379,alpha,1.6534080505371094,marker_supported_proposal,pending,14
17,ductal,ductal,1.5164133310317993,delta,1.4982184618711472,marker_supported_proposal,pending,59
18,beta,beta,1.7161483764648438,gamma,1.3001970052719116,marker_supported_proposal,pending,262
19,Unknown,macrophage,4.477077007293701,t_cell,0.005894660949707031,weak_score_or_small_margin,pending,61
2,beta,beta,1.981589436531067,gamma,1.4161781072616577,marker_supported_proposal,pending,539
20,alpha,alpha,1.9296236038208008,epsilon,1.4547545909881592,marker_supported_proposal,pending,467
21,beta,beta,1.5285724401474,gamma,1.071496069431305,marker_supported_proposal,pending,337
3,delta,delta,3.3979392051696777,schwann,2.631903111934662,marker_supported_proposal,pending,434
4,stellate,stellate,3.6589725017547607,schwann,0.6573958396911621,marker_supported_proposal,pending,210
5,ductal,ductal,1.8086055517196655,acinar,1.9569363594055176,marker_supported_proposal,pending,253
6,alpha,alpha,1.4814529418945312,gamma,0.9393320679664612,marker_supported_proposal,pending,163
7,beta,beta,0.9879878163337708,epsilon,0.893324039876461,marker_supported_proposal,pending,65
8,ductal,ductal,2.6316239833831787,delta,1.8234957456588745,marker_supported_proposal,pending,328
9,gamma,gamma,3.227548122406006,schwann,2.499500811100006,marker_supported_proposal,pending,189
