cluster,cell_type,cell_type_detail,decision,reviewer,reviewer_type,markers_for,markers_against,evidence_source,qc_review,subcluster_review,rationale
0,Unknown,Unknown,pending,,,,,,,,
1,Unknown,Unknown,pending,,,,,,,,
10,Unknown,Unknown,pending,,,,,,,,
11,Unknown,Unknown,pending,,,,,,,,
12,Unknown,Unknown,pending,,,,,,,,
13,Unknown,Unknown,pending,,,,,,,,
14,Unknown,Unknown,pending,,,,,,,,
15,Unknown,Unknown,pending,,,,,,,,
16,Unknown,Unknown,pending,,,,,,,,
17,Unknown,Unknown,pending,,,,,,,,
18,Unknown,Unknown,pending,,,,,,,,
19,Unknown,Unknown,pending,,,,,,,,
2,Unknown,Unknown,pending,,,,,,,,
20,Unknown,Unknown,pending,,,,,,,,
21,Unknown,Unknown,pending,,,,,,,,
3,Unknown,Unknown,pending,,,,,,,,
4,Unknown,Unknown,pending,,,,,,,,
5,Unknown,Unknown,pending,,,,,,,,
6,Unknown,Unknown,pending,,,,,,,,
7,Unknown,Unknown,pending,,,,,,,,
8,Unknown,Unknown,pending,,,,,,,,
9,Unknown,Unknown,pending,,,,,,,,
