dataset,backend,seed,cells,genes,clusters,fine_reference_classes,ARI_fine,ARI_broad,NMI_fine,homogeneity_fine,completeness_fine,cluster_purity_fine,latent_knn_purity_broad,latent_ASW_broad,UMAP_ASW_broad,UMAP_trustworthiness_latent_2k,graph_connectivity_broad_macro,annotation_accuracy_broad,annotation_macro_F1_broad,annotation_coverage,annotation_accuracy_accepted,ARI_author_subtypes,NMI_author_subtypes,author_subtype_count
kang,pca,0,6000,15701,16,8,0.395725210558426,0.3041967656901876,0.684626349764542,0.8962700159474367,0.5538428483360117,0.956,0.9759,0.1850827932357788,0.3004129230976105,0.9657353734614736,0.978919573459272,0.8963333333333333,0.7130697001824192,0.9928333333333332,0.902803424542555,,,
kang,scvi,0,6000,15701,17,8,0.3250932299528389,0.2470479379480944,0.6370290961947984,0.8573206792406954,0.5068040115718028,0.9195,0.9700222222222222,0.1705482751131057,0.3501737415790558,0.9528352048558422,0.9991967871485944,0.8533333333333334,0.6780116994529548,0.9573333333333334,0.8913649025069638,,,
kang,scvi,1,6000,15701,17,8,0.3512446714446958,0.2690628275658424,0.6700553160038194,0.8861342930137485,0.538697010710453,0.9533333333333334,0.9696444444444444,0.173342615365982,0.3396565318107605,0.9572731917046028,0.9981803774098632,0.8491666666666666,0.6745454250890094,0.9533333333333334,0.8907342657342657,,,
kang,scvi,2,6000,15701,18,8,0.3270891205238334,0.2504485006121349,0.6432099737151937,0.8691705683929326,0.5104951783880163,0.917,0.9678111111111112,0.1710438579320907,0.3172112107276916,0.950770831225763,0.996521800655952,0.7956666666666666,0.716962526505788,0.9008333333333334,0.8832562442183164,,,
haber,pca,0,6000,14600,20,8,0.3458092692289893,0.1699573988031024,0.6028457424729992,0.7568951451210798,0.5008987834134917,0.845,0.9064888888888888,0.2147243171930313,0.2824476361274719,0.9796910133198448,0.9834584443288517,0.5946666666666667,0.807870047800865,0.6675,0.8908863920099875,,,
haber,scvi,0,6000,14600,17,8,0.3015900463769738,0.1615264535606556,0.5220667931467028,0.6310752597095436,0.4451704927092621,0.727,0.8686666666666667,0.1340338438749313,0.1886372864246368,0.9505851458438712,0.9747496379156892,0.6388333333333334,0.7907135331827755,0.828,0.7715378421900161,,,
haber,scvi,1,6000,14600,16,8,0.3274050815775758,0.1671310581030114,0.5369178814717342,0.6444371320124551,0.4601461304005607,0.7451666666666666,0.8669222222222223,0.135777398943901,0.1882746815681457,0.9528659248018884,0.9612209770567696,0.6261666666666666,0.7812275821763807,0.842,0.7436658749010293,,,
haber,scvi,2,6000,14600,17,8,0.3045572004092872,0.1600010612684925,0.5201550530759435,0.6259473901461933,0.444952878508856,0.7276666666666667,0.8697444444444444,0.1446277499198913,0.2253674566745758,0.9525837632776936,0.9717615961621852,0.5673333333333334,0.7644785889979611,0.8075,0.7025799793601651,,,
paul,pca,0,2730,8716,16,19,0.300034650072212,0.2128643634890645,0.5498879111231889,0.544295704735695,0.5555962213502762,0.4893772893772893,0.775970695970696,0.2361875921487808,0.154299110174179,0.967633771707975,0.94165416278716,0.4970695970695971,0.4368639537894884,0.7498168498168498,0.6629213483146067,,,
paul,scvi,0,2730,8716,15,19,0.3108236318542475,0.2340542897321195,0.5552837120807029,0.5461710395070727,0.5647056277703405,0.5146520146520146,0.7736752136752136,0.1135797500610351,0.1964060366153717,0.9471155285786546,0.9855518977441456,0.495970695970696,0.3826857608072227,0.8300366300366301,0.5975286849073257,,,
paul,scvi,1,2730,8716,14,19,0.3141416417772043,0.2828994257779318,0.5604654523716307,0.5401336727607311,0.5823877658670502,0.5087912087912088,0.7888400488400489,0.1374248713254928,0.2277461886405944,0.9465600573259146,0.9605797172079864,0.5263736263736264,0.4796874168306477,0.7413919413919414,0.7099802371541502,,,
paul,scvi,2,2730,8716,13,19,0.3230788089477848,0.3018585255376759,0.5724973697963647,0.541832529069371,0.6068413650484076,0.4758241758241758,0.7838583638583638,0.1373302936553955,0.198561206459999,0.9445772719608836,0.9816263326342984,0.4395604395604395,0.4160712501571411,0.6472527472527473,0.6791171477079796,,,
zeisel,pca,0,3005,18879,22,7,0.3286869797012839,0.2644694104649842,0.5621414452146206,0.7475510486551356,0.4504256700631139,0.8399334442595674,0.9257237936772048,0.4286349415779114,0.3607943654060364,0.976974978924296,0.9735139050102828,0.8106489184692179,0.8054782284321725,0.9261231281198004,0.8753144089112469,0.2607011906134758,0.5059568926350636,48.0
zeisel,scvi,0,3005,18879,23,7,0.3385504040198487,0.2332236725945276,0.5679329904513781,0.7573600024891071,0.454304637117211,0.8579034941763727,0.9044481419855795,0.2284897416830063,0.1433473080396652,0.9742476816725678,0.9838369365246948,0.778369384359401,0.7855395069586004,0.903161397670549,0.8618275607958733,0.2476809843352058,0.522642430726079,48.0
zeisel,scvi,1,3005,18879,23,7,0.3545756736790974,0.2506623746101004,0.569526498139641,0.7606008809054837,0.455178749222625,0.8562396006655574,0.9095729339988908,0.2230707108974456,0.0862373933196067,0.9739327263530602,0.9972266514972412,0.7660565723793678,0.7840879140537756,0.8845257903494176,0.8660647103085026,0.2827930311143403,0.5362340355744942,48.0
zeisel,scvi,2,3005,18879,21,7,0.3363035857708165,0.2315612567397841,0.5669134645242446,0.7491425834383095,0.4559930437300046,0.8452579034941764,0.9051802551303384,0.2250042855739593,0.0991273671388626,0.9719539032203676,0.9818745590515446,0.7750415973377703,0.7836607575857467,0.8988352745424293,0.8622732321362458,0.2417448160906365,0.5124481974468142,48.0
baron,pca,0,6000,16359,19,14,0.4234902201703301,0.421090350912512,0.7350612775004846,0.9147602887938556,0.6143717417668559,0.96,0.9561888888888889,0.26314419507980347,0.24264492094516754,0.9835958523014668,0.95772807173961,0.9138333333333334,0.5106713116730159,0.9545,0.9573947965776148,,,
baron,scvi,0,6000,16359,22,14,0.46171560546871243,0.4591920064626198,0.7633907721092733,0.9512107298222853,0.6375117908797845,0.9808333333333333,0.9801555555555556,0.2987808883190155,0.4598410129547119,0.9835394199966279,0.9929789605485031,0.956,0.6629562367122346,0.9898333333333333,0.9658191614749958,,,
baron,scvi,1,6000,16359,23,14,0.4630843723633484,0.46059033809817523,0.7679737172110542,0.9583608299282649,0.6406940127305387,0.985,0.9811777777777778,0.29471224546432495,0.5028548240661621,0.9804706794806947,0.992562291260858,0.9641666666666666,0.7407876040055915,0.9965,0.967553102525506,,,
baron,scvi,2,6000,16359,22,14,0.4888160422922204,0.4860658912808968,0.7780685770083892,0.9586597699086118,0.6547311061023395,0.9846666666666667,0.9806333333333334,0.306007981300354,0.49873900413513184,0.9831040633957174,0.9826856427167787,0.9556666666666667,0.7535149582606279,0.9963333333333333,0.9591836734693877,,,
