dataset,run1,run2,cells,cluster_ARI
kang,scvi_0,scvi_1,6000,0.6843352867189094
kang,scvi_0,scvi_2,6000,0.7265620112168203
kang,scvi_1,scvi_2,6000,0.6949535890781275
haber,scvi_0,scvi_1,6000,0.6461778410714695
haber,scvi_0,scvi_2,6000,0.5735286118919095
haber,scvi_1,scvi_2,6000,0.5919058410214667
paul,scvi_0,scvi_1,2730,0.4858711757148576
paul,scvi_0,scvi_2,2730,0.5078566603889709
paul,scvi_1,scvi_2,2730,0.4389009194436982
zeisel,scvi_0,scvi_1,3005,0.6477355704609179
zeisel,scvi_0,scvi_2,3005,0.6607149616873336
zeisel,scvi_1,scvi_2,3005,0.6325098041917041
baron,scvi_0,scvi_1,6000,0.921764856390673
baron,scvi_0,scvi_2,6000,0.9015043388971622
baron,scvi_1,scvi_2,6000,0.8999556283621742
