priority	item	status	knowledge_base_sections	available_evidence	requested_supplement
P1	Input and sample design	Partial	1-3, 15-16, 27	Study/source labels and three analysis groups are known; donor/capture/replicate mapping and original input hashes were not supplied.	sample_manifest.csv with accessions, file hashes, donor, capture/library, day, replicate and analysis group; confirm original-paper Methods.
P1	QC filtering and retention	Partial	4-12, 29	Pre-analysis QC summary and later object sizes are available; exact thresholds and exclusion reasons are absent.	Applied QC configuration plus stepwise cell/gene retention and barcode-level exclusion reasons; separate reference plot lines from applied filters.
P1	Doublet detection	Not supplied	11	Earlier object summaries list doublet_score and predicted_doublet, but no diagnostic distributions or filtering log is attached.	Capture-level settings, expected rates, score distributions, thresholds, flagged/removed counts and retention by capture.
P1	Cell-cycle correction	Not demonstrated	13-14, 36	The knowledge base requires scoring/correction; supplied figures and reports do not establish execution.	Matched/missing scoring genes, S_score/G2M_score/phase, actual scVI registration/configuration and post-correction diagnostics; do not infer correction from X_scvi.
P1	scVI and representation provenance	Partial	17-21, 29	Latent dimensions were reported; full training settings and validation results were not supplied.	HVG list/order, count-source checks, batch definition, model and training configuration, history/convergence, seeds, package versions and model checkpoint location/hash.
P1	Neighbors and resolution selection	Partial	22-26	Final cluster counts are visible and one resolution was explicitly selected; no executed n_neighbors sweep or comparison gallery was supplied.	Actual selected neighbor/UMAP/Leiden settings and graph keys; candidate comparison gallery/table and recorded user choice, if performed. Mark absent sweeps honestly.
P1	Final machine-readable annotations	Not supplied	29, 31, 34	Final user-submitted PNGs and marker PDFs are available; there is no matching annotation export.	Final annotated h5ad (external storage is sufficient), cluster-to-label CSV and cell_annotations.csv with stable cell IDs, cluster key, main/detail labels, confidence and review metadata.
P1	Quantitative marker evidence	Partial	31-34	Feature UMAP PDFs support visual review; per-cluster expression fractions and mean expression are absent.	marker_expression.csv and dotplots/heatmaps from the exact final partition, with expression layer/normalization, gene universe and missing-gene list.
P1	Exploratory DE outputs	Not supplied	36	DE code was discussed, but no computed DE tables or result figures were supplied.	All tested genes and filtered markers by dataset and stated contrast; effect estimates, adjusted p-values, pct_in/pct_out and top-marker figures.
P2	Cell composition	Not supplied	29, 34	Group-level cell totals are known; cell-type/cluster counts and percentages cannot be recovered accurately from scatter plots.	Counts and percentages by cell type, cluster, sample/capture and day, including unresolved cells in denominators.
P2	Annotation review record	Partial	31-34	The user designates this submission as the final manual result; a structured per-cluster review table was not attached.	Export the existing final decisions with reviewer/date, supporting and opposing markers, uncertainty and rationale; no new re-annotation is required to archive this report.
P2	Difficult-population evidence	Optional follow-up	32-34	Broad or unresolved categories remain in the submitted result and are preserved as supplied.	If finer annotation is desired later, provide targeted discriminating marker plots, cell-level coexpression summaries and any justified subclustering evidence; retain the current baseline.
P2	Specificity-screen provenance	Available from earlier workflow; not bundled here	33	Earlier marker-screen artifacts exist in the working record, but the exact marker list used for these final PDFs is not machine-linked.	Link/archive the relevant HPA source tables, gene list, target groups, skill revision, validation outputs and selected/borderline/missing genes with a final-panel mapping.
P2	Batch, QC and stability validation	Not supplied	14-16, 24-25	Annotation and day UMAPs alone do not establish batch correction, residual cycle removal or parameter robustness.	QC/batch/cycle overlays and cluster summaries; replicate-aware checks and stability results on comparable cell populations.
P2	Figure exports and labeling	Partial	35	Three annotation PNGs and three marker PDFs are supplied and preserved.	Optional vector/PDF versions of annotated UMAPs and standalone panels with fully readable legends; retain original labels and record export parameters.
Conditional	Condition differential expression	Outside current supplied results	36	No donor-level condition contrast or replicate design was supplied.	Only if condition DE is requested: define contrast and independent replicates; provide pseudobulk/design and replicate-aware statistics. Do not substitute per-cell marker tests.
P1 for later comparison	AI run provenance and comparability	Pending AI submissions	27, 29, 34, 36	The two AI analyses have not been supplied.	For each run: model/agent version, prompts, input cell/gene universe, parameter decisions, review involvement, outputs, runtime/resources and whether it had access to this manual baseline.
